Tamaño_MB;Tiempo_RAM_s;Tiempo_Disco_s;Throughput_RAM_MBs;Throughput_Disco_MBs
1;0.0021759999999630963;0.003168799999912153;459.5588235372056;315.57687453538324
10;0.021198300000833115;0.011360200000126497;471.73594107107596;880.2661924868091
100;0.177945000001273;0.26572180000039225;561.9713956519408;376.3334434730323
500;0.8690062000005128;1.307081200000539;575.3698880395847;382.53170499261546
1000;1.9059370999984822;2.8894970000001194;524.6762865368413;346.0809961041519
